"ID_strumento","ID_AAA","Strumento","Moneta","assetClassCorretta","assetClass","benchmark","Nome"
1,138,"A","CHF","CLASS EQUITY","CLASS EQUITY","Swiss Market Index (CHF)","ABB LTD"
1,189,"A","EUR","CLASS EQUITY","CLASS EQUITY","Dow Jones Euro STOXX 50 (E)","ALLIANZ AG"
1,238,"A","CHF","CLASS EQUITY","CLASS EQUITY","Swiss Market Index (CHF)","Julius Baer"
1,239,"A","CHF","CLASS EQUITY","CLASS EQUITY","Swiss Market Index (CHF)","BALOISE HDL N"
1,368,"A","CHF","CLASS EQUITY","CLASS EQUITY","Swiss Market Index (CHF)","Credit Suisse Group Na"
1,384,"A","EUR","CLASS EQUITY","CLASS EQUITY","FRANCE CAC 40 (E)","Groupe Danone Common Stock"
1,445,"A","EUR","CLASS EQUITY","CLASS EQUITY","Dow Jones Euro STOXX 50 (E)","E.ON"
1,467,"A","CHF","CLASS EQUITY","CLASS EQUITY","Swiss Market Index (CHF)","Fischer N"
1,500,"A","USD","CLASS EQUITY","CLASS EQUITY","Standard and Poors 500 Composite ($)","General Electric"
1,546,"A","CHF","CLASS EQUITY","CLASS EQUITY","Swiss Market Index (CHF)","Holcim N"
1,659,"A","EUR","CLASS EQUITY","CLASS EQUITY","DAX 30 PERFORMANCE (E)","Metro AG Common Stock"
1,697,"A","CHF","CLASS EQUITY","CLASS EQUITY","Swiss Market Index (CHF)","Nestle Na"
1,706,"A","EUR","CLASS EQUITY","CLASS EQUITY","OMX NORDIC 40 (SEK)","Nokia OYJ"
1,709,"A","CHF","CLASS EQUITY","CLASS EQUITY","Swiss Market Index (CHF)","Novartis Na"
1,766,"A","EUR","CLASS EQUITY","CLASS EQUITY","Dow Jones Euro STOXX 50 (E)","Philips"
1,824,"A","CHF","CLASS EQUITY","CLASS EQUITY","Swiss Market Index (CHF)","Roche Holding Gs"
1,902,"A","USD","CLASS EQUITY","CLASS EQUITY","Standard and Poors 500 Composite ($)","SPY"
1,921,"A","CHF","CLASS EQUITY","CLASS EQUITY","Swiss Market Index (CHF)","Syngenta AG"
1,953,"A","EUR","CLASS EQUITY","CLASS EQUITY","Dow Jones Euro STOXX 50 (E)","TotalFinaElf Common Stock"
1,974,"A","CHF","CLASS EQUITY","CLASS EQUITY","Swiss Market Index (CHF)","UBS AG Na"
1,985,"A","EUR","CLASS EQUITY","CLASS EQUITY","Dow Jones Euro STOXX 50 (E)","Unilever NV Common Stock"
1,1010,"A","CHF","CLASS EQUITY","CLASS EQUITY","Swiss Market Index (CHF)","Vontobel Common Stock"
1,1052,"A","CHF","CLASS EQUITY","CLASS EQUITY","Swiss Market Index (CHF)","Zurich Financial Services N"
1,1076,"A","CHF","CLASS EQUITY","CLASS EQUITY","Swiss Market Index (CHF)","Logitech N"
1,1078,"A","CHF","CLASS EQUITY","CLASS EQUITY","Swiss Market Index (CHF)","SGS Surveillance"
1,1348,"A","JPY","CLASS EQUITY","CLASS EQUITY","Topix (JPY)","Nomura Topix ETF"
1,1525,"A","EUR","CLASS EQUITY","CLASS EQUITY","DAX 30 PERFORMANCE (E)","Deutsche Post AG"
1,1750,"A","CHF","CLASS EQUITY","CLASS EQUITY","Swiss Market Index (CHF)","Petroplus"
2,830,"Oacc","EUR","CLASS SHORT TERM","CLASS SHORT TERM","Euro Cash 3M","20130115 - 5.5% DEPFA 15-01-13 Pro-rata"
2,830,"O","EUR","gov","CLASS GOVERNMENT BOND","European Monetary Union Government 1 - 3 Years (E)","5.5% DEPFA 15-01-13"
2,830,"Oacc","EUR","CLASS SHORT TERM","CLASS SHORT TERM","Euro Cash 3M","5.5% DEPFA 15-01-13 Pro-rata"
2,990,"Oacc","EUR","CLASS SHORT TERM","CLASS SHORT TERM","Euro Cash 3M","20120824 - 5% ALLG HYPOBK RHEIN 24-08-12 Pro-rata"
2,990,"O","EUR","gov","CLASS GOVERNMENT BOND","European Monetary Union Government 1 - 3 Years (E)","5% ALLG HYPOBK RHEIN 24-08-12"
2,990,"Oacc","EUR","CLASS SHORT TERM","CLASS SHORT TERM","Euro Cash 3M","5% ALLG HYPOBK RHEIN 24-08-12 Pro-rata"
2,992,"Oacc","EUR","CLASS SHORT TERM","CLASS SHORT TERM","Euro Cash 3M","20130617 - 5.125% KFW 17-06-13 Pro-rata"
2,992,"O","EUR","gov","CLASS GOVERNMENT BOND","European Monetary Union Government 1 - 3 Years (E)","5.125% KFW 17-06-13"
2,992,"Oacc","EUR","CLASS SHORT TERM","CLASS SHORT TERM","Euro Cash 3M","5.125% KFW 17-06-13 Pro-rata"
2,1043,"O","EUR","corporate","CLASS CORPORATE INV. GRADE","European Monetary Union Corporate Excluding Pfand. BBB (E)","20111024 - 4.875% Procter & Gamble 24-10-11"
2,1043,"Oacc","EUR","CLASS SHORT TERM","CLASS SHORT TERM","Euro Cash 3M","20111024 - 4.875% Procter & Gamble 24-10-11 Pro-rata"
2,1045,"O","EUR","corporate","CLASS CORPORATE INV. GRADE","European Monetary Union Corporate Excluding Pfand. BBB (E)","20111111 - 4% IBM 11-11-11"
2,1045,"Oacc","EUR","CLASS SHORT TERM","CLASS SHORT TERM","Euro Cash 3M","20111111 - 4% IBM 11-11-11 Pro-rata"
2,1067,"Oacc","EUR","CLASS SHORT TERM","CLASS SHORT TERM","Euro Cash 3M","20130312 - 4% NED WATER 12-03-13 Pro-rata"
2,1067,"O","EUR","fin corporate","CLASS CORPORATE INV. GRADE","European Monetary Union Financial Corps (E)","4% NED WATER 12-03-13"
2,1067,"Oacc","EUR","CLASS SHORT TERM","CLASS SHORT TERM","Euro Cash 3M","4% NED WATER 12-03-13 Pro-rata"
2,1162,"O","EUR","gov","CLASS GOVERNMENT BOND","European Monetary Union Government 1 - 3 Years (E)","20111209 - 3.25% Euro Community 09-12-11"
2,1162,"Oacc","EUR","CLASS SHORT TERM","CLASS SHORT TERM","Euro Cash 3M","20111209 - 3.25% Euro Community 09-12-11 Pro-rata"
2,1169,"O","CHF","corporate","CLASS CORPORATE INV. GRADE","SWISS BOND AAA-A 1-3Y - TOT RETURN IND","20120323 - 2.5% Roche Holdings 23-03-12"
2,1169,"Oacc","CHF","CLASS SHORT TERM","CLASS SHORT TERM","Switzerland 3M","20120323 - 2.5% Roche Holdings 23-03-12 Pro-rata"
2,1181,"Oacc","EUR","CLASS SHORT TERM","CLASS SHORT TERM","Euro Cash 3M","20120414 - 4.875% Zurich 14-04-12 Pro-rata"
2,1181,"O","EUR","fin corporate","CLASS CORPORATE INV. GRADE","European Monetary Union Financial Corps (E)","4.875% Zurich 14-04-12"
2,1181,"Oacc","EUR","CLASS SHORT TERM","CLASS SHORT TERM","Euro Cash 3M","4.875% Zurich 14-04-12 Pro-rata"
2,1186,"Oacc","EUR","CLASS SHORT TERM","CLASS SHORT TERM","Euro Cash 3M","20120116 - 4.375% GDF SUEZ 16-01-12 Pro-rata"
2,1186,"O","EUR","corporate","CLASS CORPORATE INV. GRADE","European Monetary Union Corporate Excluding Pfand. BBB (E)","4.375% GDF SUEZ 16-01-12"
2,1186,"Oacc","EUR","CLASS SHORT TERM","CLASS SHORT TERM","Euro Cash 3M","4.375% GDF SUEZ 16-01-12 Pro-rata"
2,1196,"O","CHF","corporate","CLASS CORPORATE INV. GRADE","SWISS BOND AAA-A 1-3Y - TOT RETURN IND","20120416 - 2.625% Carrefour 16-04-12"
2,1196,"Oacc","CHF","CLASS SHORT TERM","CLASS SHORT TERM","Switzerland 3M","20120416 - 2.625% Carrefour 16-04-12 Pro-rata"
2,1209,"O","EUR","corporate","CLASS CORPORATE INV. GRADE","European Monetary Union Corporate Excluding Pfand. BBB (E)","20111130 - 2.5% E.ON 30-11-11"
2,1209,"Oacc","EUR","CLASS SHORT TERM","CLASS SHORT TERM","Euro Cash 3M","20111130 - 2.5% E.ON 30-11-11 Pro-rata"
2,1272,"Oacc","EUR","CLASS SHORT TERM","CLASS SHORT TERM","Euro Cash 3M","20120323 - 4.25% Philip Morris Intl 23-03-12 Pro-rata"
2,1272,"O","EUR","corporate","CLASS CORPORATE INV. GRADE","European Monetary Union Corporate Excluding Pfand. BBB (E)","4.25% Philip Morris Intl 23-03-12"
2,1272,"Oacc","EUR","CLASS SHORT TERM","CLASS SHORT TERM","Euro Cash 3M","4.25% Philip Morris Intl 23-03-12 Pro-rata"
2,1273,"Oacc","EUR","CLASS SHORT TERM","CLASS SHORT TERM","Euro Cash 3M","20120209 - 3.375% Shell Finance 09-02-12 Pro-rata"
2,1273,"O","EUR","corporate","CLASS CORPORATE INV. GRADE","European Monetary Union Corporate Excluding Pfand. BBB (E)","3.375% Shell Finance 09-02-12"
2,1273,"Oacc","EUR","CLASS SHORT TERM","CLASS SHORT TERM","Euro Cash 3M","3.375% Shell Finance 09-02-12 Pro-rata"
2,1274,"Oacc","EUR","CLASS SHORT TERM","CLASS SHORT TERM","Euro Cash 3M","20120203 - 5.25% Toyota Motor Credit 03-02-12 Pro-rata"
2,1274,"O","EUR","corporate","CLASS CORPORATE INV. GRADE","European Monetary Union Corporate Excluding Pfand. BBB (E)","5.25% Toyota Motor Credit 03-02-12"
2,1274,"Oacc","EUR","CLASS SHORT TERM","CLASS SHORT TERM","Euro Cash 3M","5.25% Toyota Motor Credit 03-02-12 Pro-rata"
2,1275,"Oacc","EUR","CLASS SHORT TERM","CLASS SHORT TERM","Euro Cash 3M","20121008 - 3.75% BASF 08-10-12 Pro-rata"
2,1275,"O","EUR","corporate","CLASS CORPORATE INV. GRADE","European Monetary Union Corporate Excluding Pfand. BBB (E)","3.75% BASF 08-10-12"
2,1275,"Oacc","EUR","CLASS SHORT TERM","CLASS SHORT TERM","Euro Cash 3M","3.75% BASF 08-10-12 Pro-rata"
2,1322,"Oacc","EUR","CLASS SHORT TERM","CLASS SHORT TERM","Euro Cash 3M","20120330 - 5.125% Credit Suisse Intl 30-03-12 Pro-rata"
2,1322,"O","EUR","fin corporate","CLASS CORPORATE INV. GRADE","European Monetary Union Financial Corps (E)","5.125% Credit Suisse Intl 30-03-12"
2,1322,"Oacc","EUR","CLASS SHORT TERM","CLASS SHORT TERM","Euro Cash 3M","5.125% Credit Suisse Intl 30-03-12 Pro-rata"
2,1338,"O","NOK","gov","CLASS GOVERNMENT BOND","FTSE GLOBAL GOVT. NW 1-3Y - TOT RETURN IND","20130118 - 3.375% KFW 18-01-13"
2,1338,"Oacc","NOK","CLASS SHORT TERM","CLASS SHORT TERM","Norway Cash 1M","20130118 - 3.375% KFW 18-01-13 Pro-rata"
2,1435,"Oacc","EUR","CLASS SHORT TERM","CLASS SHORT TERM","Euro Cash 3M","20120518 - 6% Swiss Re 18-05-12 Pro-rata"
2,1435,"O","EUR","fin corporate","CLASS CORPORATE INV. GRADE","European Monetary Union Financial Corps (E)","6% Swiss Re 18-05-12"
2,1435,"Oacc","EUR","CLASS SHORT TERM","CLASS SHORT TERM","Euro Cash 3M","6% Swiss Re 18-05-12 Pro-rata"
2,1488,"Oacc","EUR","CLASS SHORT TERM","CLASS SHORT TERM","Euro Cash 3M","20120806 - 3% Nordea 06-08-12 Pro-rata"
2,1488,"O","EUR","fin corporate","CLASS CORPORATE INV. GRADE","European Monetary Union Financial Corps (E)","3% Nordea 06-08-12"
2,1488,"Oacc","EUR","CLASS SHORT TERM","CLASS SHORT TERM","Euro Cash 3M","3% Nordea 06-08-12 Pro-rata"
2,1554,"Oacc","EUR","CLASS SHORT TERM","CLASS SHORT TERM","Euro Cash 3M","20130517 - 3.5% Sanofi-Aventis 17-05-13 Pro-rata"
2,1554,"O","EUR","corporate","CLASS CORPORATE INV. GRADE","European Monetary Union Corporate Excluding Pfand. BBB (E)","3.5% Sanofi-Aventis 17-05-13"
2,1554,"Oacc","EUR","CLASS SHORT TERM","CLASS SHORT TERM","Euro Cash 3M","3.5% Sanofi-Aventis 17-05-13 Pro-rata"
2,1583,"O","EUR","fin corporate","CLASS CORPORATE INV. GRADE","European Monetary Union Financial Corps (E)","2% CFF 17-02-12"
2,1583,"Oacc","EUR","CLASS SHORT TERM","CLASS SHORT TERM","Euro Cash 3M","2% CFF 17-02-12 Pro-rata"
2,1583,"Oacc","EUR","CLASS SHORT TERM","CLASS SHORT TERM","Euro Cash 3M","20120217 - 2% CFF 17-02-12 Pro-rata"
2,1584,"O","EUR","fin corporate","CLASS CORPORATE INV. GRADE","European Monetary Union Financial Corps (E)","1.293% Intesa Sanpaolo 19-01-12"
2,1584,"Oacc","EUR","CLASS SHORT TERM","CLASS SHORT TERM","Euro Cash 3M","1.293% Intesa Sanpaolo 19-01-12 Pro-rata"
2,1584,"Oacc","EUR","CLASS SHORT TERM","CLASS SHORT TERM","Euro Cash 3M","20120119 - 1.293% Intesa Sanpaolo 19-01-12 Pro-rata"
2,1652,"Oacc","EUR","CLASS SHORT TERM","CLASS SHORT TERM","Euro Cash 3M","20120608 - 3.375% HSBC Finance 08-06-12 Pro-rata"
2,1652,"O","EUR","fin corporate","CLASS CORPORATE INV. GRADE","European Monetary Union Financial Corps (E)","3.375% HSBC Finance 08-06-12"
2,1652,"Oacc","EUR","CLASS SHORT TERM","CLASS SHORT TERM","Euro Cash 3M","3.375% HSBC Finance 08-06-12 Pro-rata"
2,1654,"Oacc","EUR","CLASS SHORT TERM","CLASS SHORT TERM","Euro Cash 3M","20161012 - 4.375% Morgan Stanley 12-10-16 Pro-rata"
2,1654,"O","EUR","fin corporate","CLASS CORPORATE INV. GRADE","European Monetary Union Financial Corps (E)","4.375% Morgan Stanley 12-10-16"
2,1654,"Oacc","EUR","CLASS SHORT TERM","CLASS SHORT TERM","Euro Cash 3M","4.375% Morgan Stanley 12-10-16 Pro-rata"
2,1655,"O","NOK","fin corporate","CLASS GOVERNMENT BOND","FTSE GLOBAL GOVT. NW 1-3Y - TOT RETURN IND","20130815 - 3% Rabobank 15-08-13"
2,1655,"Oacc","NOK","CLASS SHORT TERM","CLASS SHORT TERM","Norway Cash 1M","20130815 - 3% Rabobank 15-08-13 Pro-rata"
2,1656,"O","NOK","gov","CLASS GOVERNMENT BOND","FTSE GLOBAL GOVT. NW 1-3Y - TOT RETURN IND","20130107 - 3.125% EIB 07-01-13"
2,1656,"Oacc","NOK","CLASS SHORT TERM","CLASS SHORT TERM","Norway Cash 1M","20130107 - 3.125% EIB 07-01-13 Pro-rata"
2,1657,"O","EUR","corporate","CLASS CORPORATE INV. GRADE","European Monetary Union Corporate Excluding Pfand. BBB (E)","20111212 - 5.25% Siemens 12-12-11"
2,1657,"Oacc","EUR","CLASS SHORT TERM","CLASS SHORT TERM","Euro Cash 3M","20111212 - 5.25% Siemens 12-12-11 Pro-rata"
2,1658,"O","INR","gov","CLASS GOVERNMENT BOND","JPM GBI-EM BROAD India - TOT RETURN IND","20140110 - 4.75% IADB 10-01-14"
2,1658,"Oacc","INR","CLASS SHORT TERM","CLASS SHORT TERM","skip","20140110 - 4.75% IADB 10-01-14 Pro-rata"
2,1659,"Oacc","EUR","CLASS SHORT TERM","CLASS SHORT TERM","Euro Cash 3M","20130121 - 4.875% UBS AG 21-01-13 Pro-rata"
2,1659,"O","EUR","fin corporate","CLASS CORPORATE INV. GRADE","European Monetary Union Financial Corps (E)","4.875% UBS AG 21-01-13"
2,1659,"Oacc","EUR","CLASS SHORT TERM","CLASS SHORT TERM","Euro Cash 3M","4.875% UBS AG 21-01-13 Pro-rata"
2,1663,"Oacc","EUR","CLASS SHORT TERM","CLASS SHORT TERM","Euro Cash 3M","20130201 - 3.25% Intesa San Paolo 01-02-13 Pro-rata"
2,1663,"O","EUR","fin corporate","CLASS CORPORATE INV. GRADE","European Monetary Union Financial Corps (E)","3.25% Intesa San Paolo 01-02-13"
2,1663,"Oacc","EUR","CLASS SHORT TERM","CLASS SHORT TERM","Euro Cash 3M","3.25% Intesa San Paolo 01-02-13 Pro-rata"
2,1674,"O","EUR","corporate","CLASS CORPORATE INV. GRADE","European Monetary Union Corporate Excluding Pfand. BBB (E)","2.375% Caterpillar 17-06-13"
2,1674,"Oacc","EUR","CLASS SHORT TERM","CLASS SHORT TERM","Euro Cash 3M","2.375% Caterpillar 17-06-13 Pro-rata"
2,1674,"Oacc","EUR","CLASS SHORT TERM","CLASS SHORT TERM","Euro Cash 3M","20130617 - 2.375% Caterpillar 17-06-13 Pro-rata"
2,1689,"O","EUR","convertible","CLASS CONVERTIBLE BOND","Convertible: European Monetary Union (E)","20201231 - 0% >3Y Ex.Ellio.CV Fd J 3D 31-12-20"
2,1689,"O","EUR","convertible","CLASS CONVERTIBLE BOND","Convertible: European Monetary Union (E)","20201231 - 0% >3Y Ex.Ellio.CV Fd J 3D 31-12-20"
2,1689,"Oacc","EUR","CLASS SHORT TERM","CLASS SHORT TERM","Euro Cash 3M","20201231 - 0% >3Y Ex.Ellio.CV Fd J 3D 31-12-20 Pro-rata"
2,1706,"O","AUD","fin corporate","CLASS CORPORATE INV. GRADE","BOFA ML AU. CORP. 1-3Y - TOT RETURN IND","20130826 - 6.25% UBS AG Australia 26-08-13"
2,1706,"Oacc","AUD","CLASS SHORT TERM","CLASS SHORT TERM","Australia Cash 3M","20130826 - 6.25% UBS AG Australia 26-08-13 Pro-rata"
2,1719,"Oacc","EUR","CLASS SHORT TERM","CLASS SHORT TERM","Euro Cash 3M","20121129 - 3.625% Vodafone 29-11-12 Pro-rata"
2,1719,"O","EUR","corporate","CLASS CORPORATE INV. GRADE","European Monetary Union Corporate Excluding Pfand. BBB (E)","3.625% Vodafone 29-11-12"
2,1719,"Oacc","EUR","CLASS SHORT TERM","CLASS SHORT TERM","Euro Cash 3M","3.625% Vodafone 29-11-12 Pro-rata"
2,1720,"Oacc","EUR","CLASS SHORT TERM","CLASS SHORT TERM","Euro Cash 3M","20120125 - 5.375% Volkswagen 25-01-12 Pro-rata"
2,1720,"O","EUR","corporate","CLASS CORPORATE INV. GRADE","European Monetary Union Corporate Excluding Pfand. BBB (E)","5.375% Volkswagen 25-01-12"
2,1720,"Oacc","EUR","CLASS SHORT TERM","CLASS SHORT TERM","Euro Cash 3M","5.375% Volkswagen 25-01-12 Pro-rata"
2,1727,"O","AUD","gov","CLASS GOVERNMENT BOND","UBS AU GOVT. 0-3 YR - TOT RETURN IND","20130326 - 4.5% KFW 26-03-13"
2,1727,"Oacc","AUD","CLASS SHORT TERM","CLASS SHORT TERM","Australia Cash 3M","20130326 - 4.5% KFW 26-03-13 Pro-rata"
2,1728,"O","CHF","corporate","CLASS CORPORATE INV. GRADE","SWISS BOND AAA-A 1-3Y - TOT RETURN IND","20120327 - 2% EDF 27-03-12"
2,1728,"Oacc","CHF","CLASS SHORT TERM","CLASS SHORT TERM","Switzerland 3M","20120327 - 2% EDF 27-03-12 Pro-rata"
2,1734,"O","CHF","gov","CLASS GOVERNMENT BOND","Swiss Government Bond 5-7 Years (CHF)","20120515 - 2.875% Poland 15-05-12"
2,1734,"Oacc","CHF","CLASS SHORT TERM","CLASS SHORT TERM","Switzerland 3M","20120515 - 2.875% Poland 15-05-12 Pro-rata"
2,1735,"O","CHF","corporate","CLASS CORPORATE INV. GRADE","SWISS BOND AAA-A 1-3Y - TOT RETURN IND","20120118 - 2.75% Export-Import Bank of Korea 18-01-12"
2,1735,"Oacc","CHF","CLASS SHORT TERM","CLASS SHORT TERM","Switzerland 3M","20120118 - 2.75% Export-Import Bank of Korea 18-01-12 Pro-rata"
2,1736,"O","CHF","corporate","CLASS CORPORATE INV. GRADE","SWISS BOND AAA-A 1-3Y - TOT RETURN IND","20120221 - 2% Toyota 21-02-12"
2,1736,"Oacc","CHF","CLASS SHORT TERM","CLASS SHORT TERM","Switzerland 3M","20120221 - 2% Toyota 21-02-12 Pro-rata"
2,1737,"O","CHF","fin corporate","CLASS CORPORATE INV. GRADE","SWISS BOND AAA-A 1-3Y - TOT RETURN IND","20120403 - 2.25% Nat Aus Bank 03-04-12"
2,1737,"Oacc","CHF","CLASS SHORT TERM","CLASS SHORT TERM","Switzerland 3M","20120403 - 2.25% Nat Aus Bank 03-04-12 Pro-rata"
2,1746,"O","CHF","corporate","CLASS CORPORATE INV. GRADE","SWISS BOND AAA-A 1-3Y - TOT RETURN IND","20111202 - 3.625% LVMH 02-12-11"
2,1746,"Oacc","CHF","CLASS SHORT TERM","CLASS SHORT TERM","Switzerland 3M","20111202 - 3.625% LVMH 02-12-11 Pro-rata"
2,1747,"O","NOK","gov","CLASS GOVERNMENT BOND","FTSE GLOBAL GOVT. NW 1-3Y - TOT RETURN IND","20120831 - 2.25% Nordic Investment Bank 31-08-12"
2,1747,"Oacc","NOK","CLASS SHORT TERM","CLASS SHORT TERM","Norway Cash 1M","20120831 - 2.25% Nordic Investment Bank 31-08-12 Pro-rata"
2,1748,"O","CHF","gov","CLASS GOVERNMENT BOND","Swiss Government Bond 5-7 Years (CHF)","20121018 - 1.75% EBN 18-10-12"
2,1748,"Oacc","CHF","CLASS SHORT TERM","CLASS SHORT TERM","Switzerland 3M","20121018 - 1.75% EBN 18-10-12 Pro-rata"
2,1749,"O","CHF","corporate","CLASS CORPORATE INV. GRADE","SWISS BOND AAA-A 1-3Y - TOT RETURN IND","20120627 - 1.875% NTT 27-06-12"
2,1749,"Oacc","CHF","CLASS SHORT TERM","CLASS SHORT TERM","Switzerland 3M","20120627 - 1.875% NTT 27-06-12 Pro-rata"
2,1750,"O","CHF","fin corporate","CLASS CORPORATE INV. GRADE","SWISS BOND AAA-A 1-3Y - TOT RETURN IND","20120813 - 2.125% Rabo 13-08-12"
2,1750,"Oacc","CHF","CLASS SHORT TERM","CLASS SHORT TERM","Switzerland 3M","20120813 - 2.125% Rabo 13-08-12 Pro-rata"
2,1751,"O","CHF","fin corporate","CLASS CORPORATE INV. GRADE","SWISS BOND AAA-A 1-3Y - TOT RETURN IND","20111202 - 2.625% UBS 02-12-11"
2,1751,"Oacc","CHF","CLASS SHORT TERM","CLASS SHORT TERM","Switzerland 3M","20111202 - 2.625% UBS 02-12-11 Pro-rata"
2,1752,"O","CHF","fin corporate","CLASS CORPORATE INV. GRADE","SWISS BOND AAA-A 1-3Y - TOT RETURN IND","20120604 - 3% CS 04-06-12"
2,1752,"Oacc","CHF","CLASS SHORT TERM","CLASS SHORT TERM","Switzerland 3M","20120604 - 3% CS 04-06-12 Pro-rata"
2,1753,"O","CHF","corporate","CLASS CORPORATE INV. GRADE","SWISS BOND AAA-A 1-3Y - TOT RETURN IND","20120424 - 1.25% Nestle 24-04-12"
2,1753,"Oacc","CHF","CLASS SHORT TERM","CLASS SHORT TERM","Switzerland 3M","20120424 - 1.25% Nestle 24-04-12 Pro-rata"
2,1754,"O","CHF","gov","CLASS GOVERNMENT BOND","Swiss Government Bond 5-7 Years (CHF)","20120725 - 1.5% CADES 25-07-12"
2,1754,"Oacc","CHF","CLASS SHORT TERM","CLASS SHORT TERM","Switzerland 3M","20120725 - 1.5% CADES 25-07-12 Pro-rata"
2,1755,"O","CHF","fin corporate","CLASS CORPORATE INV. GRADE","SWISS BOND AAA-A 1-3Y - TOT RETURN IND","20120518 - 2% LGT Finance 18-05-12"
2,1755,"Oacc","CHF","CLASS SHORT TERM","CLASS SHORT TERM","Switzerland 3M","20120518 - 2% LGT Finance 18-05-12 Pro-rata"
2,1777,"O","CHF","corporate","CLASS CORPORATE INV. GRADE","SWISS BOND AAA-A 1-3Y - TOT RETURN IND","20120601 - 0.625% RFF 01-06-12"
2,1777,"Oacc","CHF","CLASS SHORT TERM","CLASS SHORT TERM","Switzerland 3M","20120601 - 0.625% RFF 01-06-12 Pro-rata"
2,1778,"O","CHF","fin corporate","CLASS CORPORATE INV. GRADE","SWISS BOND AAA-A 1-3Y - TOT RETURN IND","20120313 - 2.625% ANZ 13-03-12"
2,1778,"Oacc","CHF","CLASS SHORT TERM","CLASS SHORT TERM","Switzerland 3M","20120313 - 2.625% ANZ 13-03-12 Pro-rata"
2,1780,"O","CHF","corporate","CLASS CORPORATE INV. GRADE","SWISS BOND AAA-A 1-3Y - TOT RETURN IND","20120625 - 3% BMW Aus 25-06-12"
2,1780,"Oacc","CHF","CLASS SHORT TERM","CLASS SHORT TERM","Switzerland 3M","20120625 - 3% BMW Aus 25-06-12 Pro-rata"
2,1781,"O","CHF","gov","CLASS GOVERNMENT BOND","Swiss Government Bond 5-7 Years (CHF)","20120610 - 2.75% Switzerland 10-06-12"
2,1781,"Oacc","CHF","CLASS SHORT TERM","CLASS SHORT TERM","Switzerland 3M","20120610 - 2.75% Switzerland 10-06-12 Pro-rata"
2,1782,"O","CHF","corporate","CLASS CORPORATE INV. GRADE","SWISS BOND AAA-A 1-3Y - TOT RETURN IND","20120411 - 2.75% France Telecom 11-04-12"
2,1782,"Oacc","CHF","CLASS SHORT TERM","CLASS SHORT TERM","Switzerland 3M","20120411 - 2.75% France Telecom 11-04-12 Pro-rata"
2,1803,"O","CHF","corporate","CLASS CORPORATE INV. GRADE","SWISS BOND AAA-A 1-3Y - TOT RETURN IND","20121130 - 2.375% Total 30-11-12"
2,1803,"Oacc","CHF","CLASS SHORT TERM","CLASS SHORT TERM","Switzerland 3M","20121130 - 2.375% Total 30-11-12 Pro-rata"
2,1857,"O","CHF","fin corporate","CLASS CORPORATE INV. GRADE","SWISS BOND AAA-A 1-3Y - TOT RETURN IND","20111017 - 0.345% Rabobank 17-10-11"
2,1857,"Oacc","CHF","CLASS SHORT TERM","CLASS SHORT TERM","Switzerland 3M","20111017 - 0.345% Rabobank 17-10-11 Pro-rata"
2,1866,"O","EUR","fin corporate","CLASS CORPORATE INV. GRADE","European Monetary Union Financial Corps (E)","20111031 - 2.062% Westpac Banking Corp 31-10-11"
2,1866,"Oacc","EUR","CLASS SHORT TERM","CLASS SHORT TERM","Euro Cash 3M","20111031 - 2.062% Westpac Banking Corp 31-10-11 Pro-rata"
2,1899,"O","EUR","fin corporate","CLASS CORPORATE INV. GRADE","European Monetary Union Financial Corps (E)","20111016 - 1.606% DB London 16-10-11"
2,1899,"Oacc","EUR","CLASS SHORT TERM","CLASS SHORT TERM","Euro Cash 3M","20111016 - 1.606% DB London 16-10-11 Pro-rata"
2,1916,"O","EUR","fin corporate","CLASS CORPORATE INV. GRADE","European Monetary Union Financial Corps (E)","20111219 - 2.431% Credit Suisse 19-12-11"
2,1916,"Oacc","EUR","CLASS SHORT TERM","CLASS SHORT TERM","Euro Cash 3M","20111219 - 2.431% Credit Suisse 19-12-11 Pro-rata"
2,1917,"O","EUR","fin corporate","CLASS CORPORATE INV. GRADE","European Monetary Union Financial Corps (E)","20111219 - 1.981% Rabobank Nederland 19-12-11"
2,1917,"Oacc","EUR","CLASS SHORT TERM","CLASS SHORT TERM","Euro Cash 3M","20111219 - 1.981% Rabobank Nederland 19-12-11 Pro-rata"
2,1919,"O","CHF","fin corporate","CLASS CORPORATE INV. GRADE","SWISS BOND AAA-A 1-3Y - TOT RETURN IND","20111221 - 0.27667% CS 21-12-11"
2,1919,"Oacc","CHF","CLASS SHORT TERM","CLASS SHORT TERM","Switzerland 3M","20111221 - 0.27667% CS 21-12-11 Pro-rata"
2,1932,"O","EUR","gov","CLASS GOVERNMENT BOND","European Monetary Union Government 1 - 3 Years (E)","1.756% EIB FRN 09-01-12"
2,1932,"Oacc","EUR","CLASS SHORT TERM","CLASS SHORT TERM","Euro Cash 3M","1.756% EIB FRN 09-01-12 Pro-rata"
2,1932,"Oacc","EUR","CLASS SHORT TERM","CLASS SHORT TERM","Euro Cash 3M","20120109 - 1.756% EIB FRN 09-01-12 Pro-rata"
2,1933,"O","EUR","corporate","CLASS CORPORATE INV. GRADE","European Monetary Union Corporate Excluding Pfand. BBB (E)","2.106% Volkswagen 10-01-12"
2,1933,"Oacc","EUR","CLASS SHORT TERM","CLASS SHORT TERM","Euro Cash 3M","2.106% Volkswagen 10-01-12 Pro-rata"
2,1933,"Oacc","EUR","CLASS SHORT TERM","CLASS SHORT TERM","Euro Cash 3M","20120110 - 2.106% Volkswagen 10-01-12 Pro-rata"
2,1936,"O      ","EUR","fin corporate","CLASS CORPORATE INV. GRADE","European Monetary Union Financial Corps (E)","1.572% DB London 16-01-12"
2,1936,"Oacc","EUR","CLASS SHORT TERM","CLASS SHORT TERM","Euro Cash 3M","1.572% DB London 16-01-12 Pro-rata"
2,1937,"O      ","EUR","fin corporate","CLASS CORPORATE INV. GRADE","European Monetary Union Financial Corps (E)","2.04% Westpac Banking Corp 30-01-12"
2,1937,"Oacc","EUR","CLASS SHORT TERM","CLASS SHORT TERM","Euro Cash 3M","2.04% Westpac Banking Corp 30-01-12 Pro-rata"
2,1950,"O      ","EUR","gov","CLASS GOVERNMENT BOND","European Monetary Union Government 1 - 3 Years (E)","1.75% Cades 18-11-13"
2,1950,"Oacc","EUR","CLASS SHORT TERM","CLASS SHORT TERM","Euro Cash 3M","1.75% Cades 18-11-13 Pro-rata"
2,1966,"O      ","EUR","fin corporate","CLASS CORPORATE INV. GRADE","European Monetary Union Financial Corps (E)","2.319% Credit Suisse 19-03-12"
2,1966,"Oacc","EUR","CLASS SHORT TERM","CLASS SHORT TERM","Euro Cash 3M","2.319% Credit Suisse 19-03-12 Pro-rata"
2,1967,"O      ","EUR","fin corporate","CLASS CORPORATE INV. GRADE","European Monetary Union Financial Corps (E)","1.869% Rabobank Nederland 19-03-12"
2,1967,"Oacc","EUR","CLASS SHORT TERM","CLASS SHORT TERM","Euro Cash 3M","1.869% Rabobank Nederland 19-03-12 Pro-rata"
14,2161,"A","CHF","CLASS EQUITY","CLASS EQUITY","Swiss Market Index (CHF)","Xmtch on (CH) SMIM"
15,2272,"A","USD","CLASS EQUITY","CLASS EQUITY","MSCI Emerging Markets US Dollar ($)","ISHARES MSCI Indon"
15,2273,"A","USD","CLASS EQUITY","CLASS EQUITY","Standard and Poors 500 Composite ($)","SPDR KBW ETF"
15,2274,"A","USD","CLASS EQUITY","CLASS EQUITY","Standard and Poors 500 Composite ($)","Sector SPDR Ener. Sel."
15,2275,"A","USD","CLASS EQUITY","CLASS EQUITY","MSCI Emerging Markets US Dollar ($)","ISHARES FTSE XINHUA"
18,,"OA","CHF","CLASS EQUITY","CLASS EQUITY","Swiss Market Index (CHF)","-1000 Call Syngenta AG 21-10-11 Strike 270 Premio(5900 CHF)"
18,,"OA","CHF","CLASS EQUITY","CLASS EQUITY","Swiss Market Index (CHF)","-10000 Call ABB LTD 18-11-11 Strike 17.5 Premio(3600 CHF)"
18,,"OA","EUR","CLASS EQUITY","CLASS EQUITY","Dow Jones Euro STOXX 50 (E)","-10000 Call Unilever 21-10-11 Strike 24 Premio(2800 EUR)"
18,,"OA","CHF","CLASS EQUITY","CLASS EQUITY","Swiss Market Index (CHF)","-15000 Call Credit Suisse Group Na 21-10-11 Strike 26 Premio(8550 CHF)"
18,,"OA","EUR","CLASS EQUITY","CLASS EQUITY","Dow Jones Euro STOXX 50 (E)","-15000 Call E.ON 18-11-11 Strike 18 Premio(8100 EUR)"
18,,"OA","CHF","CLASS EQUITY","CLASS EQUITY","Swiss Market Index (CHF)","-15000 Call Nestle Na 18-11-11 Strike 52 Premio(8100 CHF)"
18,,"OA","CHF","CLASS EQUITY","CLASS EQUITY","Swiss Market Index (CHF)","-15000 Call Novartis Na 21-10-11 Strike 52 Premio(9000 CHF)"
18,,"OA","CHF","CLASS EQUITY","CLASS EQUITY","Swiss Market Index (CHF)","-20000 Call ABB LTD 18-11-11 Strike 17.5 Premio(7075 CHF)"
18,,"OA","CHF","CLASS EQUITY","CLASS EQUITY","Swiss Market Index (CHF)","-20000 Call Nestle Na 18-11-11 Strike 52 Premio(10800 CHF)"
18,,"OA","CHF","CLASS EQUITY","CLASS EQUITY","Swiss Market Index (CHF)","-20000 Call Novartis Na 18-11-11 Strike 54 Premio(12000 CHF)"
18,,"OA","CHF","CLASS EQUITY","CLASS EQUITY","Swiss Market Index (CHF)","-300 Call SGS Surveillance 21-10-11 Strike 1600 Premio(7890 CHF)"
18,,"OA","EUR","CLASS EQUITY","CLASS EQUITY","DAX 30 PERFORMANCE (E)","-5400 Call Metro AG Common Stock 21-10-11 Strike 34 Premio(3078 EUR)"
22,,"FX","CHF","CLASS SHORT TERM","CLASS SHORT TERM","Switzerland 3M","CHF -2,276,500.00 Valuta 28-11-2011"
22,,"FX","CHF","CLASS SHORT TERM","CLASS SHORT TERM","Switzerland 3M","CHF 1,359,050.00 Valuta 12-12-2011"
22,,"FX","CHF","CLASS SHORT TERM","CLASS SHORT TERM","Switzerland 3M","CHF 2,270,000.00 Valuta 28-11-2011"
22,,"FX","CHF","CLASS SHORT TERM","CLASS SHORT TERM","Switzerland 3M","CHF 2,780,000.00 Valuta 07-11-2011"
22,,"FX","EUR","CLASS SHORT TERM","CLASS SHORT TERM","Euro Cash 3M","EUR -1,100,000.00 Valuta 12-12-2011"
22,,"FX","EUR","CLASS SHORT TERM","CLASS SHORT TERM","Euro Cash 3M","EUR -2,500,000.00 Valuta 07-11-2011"
22,,"FX","USD","CLASS SHORT TERM","CLASS SHORT TERM","United States Cash 3M","USD -2,500,000.00 Valuta 28-11-2011"
22,,"FX","USD","CLASS SHORT TERM","CLASS SHORT TERM","United States Cash 3M","USD 2,500,000.00 Valuta 28-11-2011"
40,"NA","L","EUR","CLASS SHORT TERM","CLASS SHORT TERM","Euro Cash 3M","EUR-eur"
40,,"L","AUD","CLASS SHORT TERM","CLASS SHORT TERM","Australia Cash 3M","AUD-aud"
40,,"L","CHF","CLASS SHORT TERM","CLASS SHORT TERM","Switzerland 3M","CHF-CallGeld SEB LUX-CALL GELD"
40,,"L","CHF","CLASS SHORT TERM","CLASS SHORT TERM","Switzerland 3M","CHF-chf"
40,,"L","CHF","CLASS SHORT TERM","CLASS SHORT TERM","Switzerland 3M","CHF-chf"
40,,"L","CHF","CLASS SHORT TERM","CLASS SHORT TERM","Switzerland 3M","CHF-margin-initial"
40,,"L","CHF","CLASS SHORT TERM","CLASS SHORT TERM","Switzerland 3M","CHF-margin-initial"
40,,"L","EUR","CLASS SHORT TERM","CLASS SHORT TERM","Euro Cash 3M","EUR-eur"
40,,"L","EUR","CLASS SHORT TERM","CLASS SHORT TERM","Euro Cash 3M","EUR-eur"
40,,"L","EUR","CLASS SHORT TERM","CLASS SHORT TERM","Euro Cash 3M","EUR-eur"
40,,"L","EUR","CLASS SHORT TERM","CLASS SHORT TERM","Euro Cash 3M","EUR-margin-initial"
40,,"L","GBP","CLASS SHORT TERM","CLASS SHORT TERM","United Kingdom Cash 3M","GBP-gbp"
40,,"L","JPY","CLASS SHORT TERM","CLASS SHORT TERM","Japan Cash 3M","JPY-jpy"
40,,"L","NOK","CLASS SHORT TERM","CLASS SHORT TERM","Norway Cash 1M","NOK-nok"
40,,"L","USD","CLASS SHORT TERM","CLASS SHORT TERM","United States Cash 3M","USD-CallGeld SEB LUX-CALL GELD"
40,,"L","USD","CLASS SHORT TERM","CLASS SHORT TERM","United States Cash 3M","USD-margin-initial"
40,,"L","USD","CLASS SHORT TERM","CLASS SHORT TERM","United States Cash 3M","USD-usd"
40,,"L","USD","CLASS SHORT TERM","CLASS SHORT TERM","United States Cash 3M","USD-usd"
45,1264,"A","CHF","CLASS EQUITY","CLASS EQUITY","Swiss Market Index (CHF)","CQ XMTCH ON SMI"
45,1482,"A","EUR","CLASS EQUITY","CLASS EQUITY","DAX 30 PERFORMANCE (E)","iShares DAX (DE)"
45,1482,"A","EUR","CLASS EQUITY","CLASS EQUITY","DAX 30 PERFORMANCE (E)","iShares DAX (DE)"
45,1706,"A","USD","CLASS EQUITY","CLASS EQUITY","MSCI Emerging Markets US Dollar ($)","ISHARES INC MSCI South Korea"
45,2378,"A","USD","CLASS EQUITY","CLASS EQUITY","MSCI Emerging Markets US Dollar ($)","Ishares MSCI Singapore"
48,119,"PS","USD","CLASS EQUITY","CLASS EQUITY","MSCI Emerging Markets US Dollar ($)","Certificat EMI Emerging Market Momentum"
48,121,"PS","EUR","CLASS EQUITY","CLASS EQUITY","Dow Jones Euro STOXX 50 (E)","20121228 - Bull Certificate EXANE SX5E Dividend Dec12"
49,88,"PS","EUR","floater","CLASS SHORT TERM","Euro Cash 3M","<3Y - 1% p.a. - 6.50% p.a. CLEU Floored Floater with Cap PLUS in EUR"
49,114,"PS","EUR","floater","CLASS SHORT TERM","Euro Cash 3M","<3Y - EUR UBS AG FRN with Floor and Cap"
50,,"F","USD","CLASS EQUITY","CLASS EQUITY","Standard and Poors 500 Composite ($)","S&P500 15-12-2011"
